true_cell,pred_cell,count,true_support,confusion_rate,dominant_campaign,dominant_campaign_count,dominant_campaign_share,true_grid_x,true_grid_y,true_coord_x_m,true_coord_y_m,pred_grid_x,pred_grid_y,pred_coord_x_m,pred_coord_y_m,dx,dy,distance_m,true_edge,pred_edge,radio_hypothesis,severity_score
1_-4,3_3,15,150,0.1,exp4,8,0.5333333333333333,1,-4,-0.875,0.44999999999999996,3,3,0.875,1.0499999999999998,2,7,1.8499999999999999,edge,interior,aliasing multi-trajets probable (confusion non locale); effet de bord (géométrie mur/tableau) sur la cellule vraie,0.265
0_7,4_8,13,150,0.08666666666666667,exp3,13,1.0,0,7,1.875,0.15,4,8,2.125,1.3499999999999999,4,1,1.2257650672131262,edge,edge,aliasing multi-trajets probable (confusion non locale); effet de bord (géométrie mur/tableau) sur la cellule vraie; sensibilité marquée à l'orientation (exp3 dominant),0.2848219640008869
4_3,2_9,13,150,0.08666666666666667,exp5,13,1.0,4,3,0.875,1.3499999999999999,2,9,2.375,0.75,2,6,1.6155494421403511,edge,interior,aliasing multi-trajets probable (confusion non locale); effet de bord (géométrie mur/tableau) sur la cellule vraie; sensibilité marquée à l'élévation (exp5 dominant),0.31115874609056426
0_0,4_-1,12,150,0.08,exp4,12,1.0,0,0,0.125,0.15,4,-1,-0.125,1.3499999999999999,4,1,1.2257650672131262,edge,edge,aliasing multi-trajets probable (confusion non locale); effet de bord (géométrie mur/tableau) sur la cellule vraie; sensibilité marquée à l'orientation (exp4 dominant),0.2808219640008869
3_3,3_8,12,150,0.08,exp6,12,1.0,3,3,0.875,1.0499999999999998,3,8,2.125,1.0499999999999998,0,5,1.25,interior,interior,aliasing multi-trajets probable (confusion non locale); sensibilité marquée à l'élévation (exp6 dominant),0.2824594594594595
1_-4,2_4,11,150,0.07333333333333333,exp3,8,0.7272727272727273,1,-4,-0.875,0.44999999999999996,2,4,1.125,0.75,1,8,2.0223748416156684,edge,interior,aliasing multi-trajets probable (confusion non locale); effet de bord (géométrie mur/tableau) sur la cellule vraie; sensibilité marquée à l'orientation (exp3 dominant),0.2897378578487245
1_1,4_3,11,150,0.07333333333333333,exp5,11,1.0,1,1,0.375,0.44999999999999996,4,3,0.875,1.3499999999999999,3,2,1.0295630140987,interior,edge,aliasing multi-trajets probable (confusion non locale); attraction vers une signature de bord; sensibilité marquée à l'élévation (exp5 dominant),0.2635650685201824
2_4,0_1,11,150,0.07333333333333333,exp4,11,1.0,2,4,1.125,0.75,0,1,0.375,0.15,2,3,0.9604686356149273,interior,edge,aliasing multi-trajets probable (confusion non locale); attraction vers une signature de bord; sensibilité marquée à l'orientation (exp4 dominant),0.25889652943344105
3_5,4_8,11,150,0.07333333333333333,exp4,11,1.0,3,5,1.375,1.0499999999999998,4,8,2.125,1.3499999999999999,1,3,0.8077747210701757,interior,edge,attraction vers une signature de bord; sensibilité marquée à l'orientation (exp4 dominant),0.24857937304528213
1_-4,1_10,10,150,0.06666666666666667,exp2,10,1.0,1,-4,-0.875,0.44999999999999996,1,10,2.625,0.44999999999999996,0,14,3.5,edge,edge,aliasing multi-trajets probable (confusion non locale); effet de bord (géométrie mur/tableau) sur la cellule vraie; sensibilité marquée à l'orientation (exp2 dominant),0.42648648648648646
1_8,0_1,10,150,0.06666666666666667,exp3,10,1.0,1,8,2.125,0.44999999999999996,0,1,0.375,0.15,1,7,1.7755280904564703,interior,edge,aliasing multi-trajets probable (confusion non locale); attraction vers une signature de bord; sensibilité marquée à l'orientation (exp3 dominant),0.3099681142200318
2_-4,0_-3,10,150,0.06666666666666667,exp6,10,1.0,2,-4,-0.875,0.75,0,-3,-0.625,0.15,2,1,0.65,edge,edge,effet de bord (géométrie mur/tableau) sur la cellule vraie; sensibilité marquée à l'élévation (exp6 dominant),0.23391891891891892
3_1,2_4,10,150,0.06666666666666667,exp5,10,1.0,3,1,0.375,1.0499999999999998,2,4,1.125,0.75,1,3,0.8077747210701756,interior,interior,sensibilité marquée à l'élévation (exp5 dominant),0.24457937304528213
3_7,0_5,10,150,0.06666666666666667,exp4,10,1.0,3,7,1.875,1.0499999999999998,0,5,1.375,0.15,3,2,1.0295630140986998,interior,edge,aliasing multi-trajets probable (confusion non locale); attraction vers une signature de bord; sensibilité marquée à l'orientation (exp4 dominant),0.2595650685201824
3_7,2_3,10,150,0.06666666666666667,exp1,10,1.0,3,7,1.875,1.0499999999999998,2,3,0.875,0.75,1,4,1.0440306508910548,interior,interior,aliasing multi-trajets probable (confusion non locale); sensibilité marquée à l'orientation (exp1 dominant),0.2605426115466929
4_10,2_10,10,150,0.06666666666666667,exp6,10,1.0,4,10,2.625,1.3499999999999999,2,10,2.625,0.75,2,0,0.5999999999999999,corner,edge,effet de bord (géométrie mur/tableau) sur la cellule vraie; sensibilité marquée à l'élévation (exp6 dominant),0.23054054054054052
4_2,3_-4,10,150,0.06666666666666667,exp4,7,0.7,4,2,0.625,1.3499999999999999,3,-4,-0.875,1.0499999999999998,1,6,1.5297058540778354,edge,edge,aliasing multi-trajets probable (confusion non locale); effet de bord (géométrie mur/tableau) sur la cellule vraie; sensibilité marquée à l'orientation (exp4 dominant),0.24835850365390783
4_8,3_5,10,150,0.06666666666666667,exp3,10,1.0,4,8,2.125,1.3499999999999999,3,5,1.375,1.0499999999999998,1,3,0.8077747210701757,edge,interior,effet de bord (géométrie mur/tableau) sur la cellule vraie; sensibilité marquée à l'orientation (exp3 dominant),0.24457937304528216
1_10,2_0,9,150,0.06,exp4,9,1.0,1,10,2.625,0.44999999999999996,2,0,0.125,0.75,1,10,2.5179356624028344,edge,interior,aliasing multi-trajets probable (confusion non locale); effet de bord (géométrie mur/tableau) sur la cellule vraie; sensibilité marquée à l'orientation (exp4 dominant),0.3561307880001915
2_0,3_9,9,150,0.06,exp6,9,1.0,2,0,0.125,0.75,3,9,2.375,1.0499999999999998,1,9,2.2699118925632336,interior,interior,aliasing multi-trajets probable (confusion non locale); sensibilité marquée à l'élévation (exp6 dominant),0.33937242517319144
3_-4,4_2,9,150,0.06,exp1,9,1.0,3,-4,-0.875,1.0499999999999998,4,2,0.625,1.3499999999999999,1,6,1.5297058540778354,edge,edge,aliasing multi-trajets probable (confusion non locale); effet de bord (géométrie mur/tableau) sur la cellule vraie; sensibilité marquée à l'orientation (exp1 dominant),0.2893585036539078
3_9,1_9,9,150,0.06,exp3,9,1.0,3,9,2.375,1.0499999999999998,1,9,2.375,0.44999999999999996,2,0,0.5999999999999999,interior,interior,sensibilité marquée à l'orientation (exp3 dominant),0.2265405405405405
4_4,4_-1,9,150,0.06,exp2,9,1.0,4,4,1.125,1.3499999999999999,4,-1,-0.125,1.3499999999999999,0,5,1.25,edge,edge,aliasing multi-trajets probable (confusion non locale); effet de bord (géométrie mur/tableau) sur la cellule vraie; sensibilité marquée à l'orientation (exp2 dominant),0.2704594594594595
0_-3,0_0,8,150,0.05333333333333334,exp3,8,1.0,0,-3,-0.625,0.15,0,0,0.125,0.15,0,3,0.75,edge,edge,effet de bord (géométrie mur/tableau) sur la cellule vraie; sensibilité marquée à l'orientation (exp3 dominant),0.23267567567567568
0_5,3_10,8,150,0.05333333333333334,exp5,8,1.0,0,5,1.375,0.15,3,10,2.625,1.0499999999999998,3,5,1.540292180074936,edge,edge,aliasing multi-trajets probable (confusion non locale); effet de bord (géométrie mur/tableau) sur la cellule vraie; sensibilité marquée à l'élévation (exp5 dominant),0.28607379595100924
1_-1,3_-2,8,150,0.05333333333333334,exp2,8,1.0,1,-1,-0.125,0.44999999999999996,3,-2,-0.375,1.0499999999999998,2,1,0.6499999999999999,interior,interior,sensibilité marquée à l'orientation (exp2 dominant),0.2259189189189189
1_-2,3_6,8,150,0.05333333333333334,exp3,8,1.0,1,-2,-0.375,0.44999999999999996,3,6,1.625,1.0499999999999998,2,8,2.0880613017821097,interior,interior,aliasing multi-trajets probable (confusion non locale); sensibilité marquée à l'orientation (exp3 dominant),0.32308522309338583
2_7,4_2,8,150,0.05333333333333334,exp1,8,1.0,2,7,1.875,0.75,4,2,0.625,1.3499999999999999,2,5,1.3865424623862046,interior,edge,aliasing multi-trajets probable (confusion non locale); attraction vers une signature de bord; sensibilité marquée à l'orientation (exp1 dominant),0.2756853015125814
3_1,3_9,8,150,0.05333333333333334,exp3,8,1.0,3,1,0.375,1.0499999999999998,3,9,2.375,1.0499999999999998,0,8,2.0,interior,interior,aliasing multi-trajets probable (confusion non locale); sensibilité marquée à l'orientation (exp3 dominant),0.31713513513513514
3_10,0_0,8,150,0.05333333333333334,exp6,8,1.0,3,10,2.625,1.0499999999999998,0,0,0.125,0.15,3,10,2.6570660511172846,edge,edge,aliasing multi-trajets probable (confusion non locale); effet de bord (géométrie mur/tableau) sur la cellule vraie; sensibilité marquée à l'élévation (exp6 dominant),0.3615314899403571
3_2,4_-2,8,150,0.05333333333333334,exp5,8,1.0,3,2,0.625,1.0499999999999998,4,-2,-0.375,1.3499999999999999,1,4,1.044030650891055,interior,edge,aliasing multi-trajets probable (confusion non locale); attraction vers une signature de bord; sensibilité marquée à l'élévation (exp5 dominant),0.2525426115466929
4_-3,0_6,8,150,0.05333333333333334,exp6,8,1.0,4,-3,-0.625,1.3499999999999999,0,6,1.625,0.15,4,9,2.55,edge,edge,aliasing multi-trajets probable (confusion non locale); effet de bord (géométrie mur/tableau) sur la cellule vraie; sensibilité marquée à l'élévation (exp6 dominant),0.3542972972972973
4_-4,2_-2,8,150,0.05333333333333334,exp6,8,1.0,4,-4,-0.875,1.3499999999999999,2,-2,-0.375,0.75,2,2,0.7810249675906653,corner,interior,effet de bord (géométrie mur/tableau) sur la cellule vraie; sensibilité marquée à l'élévation (exp6 dominant),0.23477195726963956
4_7,3_-2,8,150,0.05333333333333334,exp3,8,1.0,4,7,1.875,1.3499999999999999,3,-2,-0.375,1.0499999999999998,1,9,2.2699118925632336,edge,interior,aliasing multi-trajets probable (confusion non locale); effet de bord (géométrie mur/tableau) sur la cellule vraie; sensibilité marquée à l'orientation (exp3 dominant),0.33537242517319144
0_-3,2_4,7,150,0.04666666666666667,exp4,7,1.0,0,-3,-0.625,0.15,2,4,1.125,0.75,2,7,1.8499999999999999,edge,interior,aliasing multi-trajets probable (confusion non locale); effet de bord (géométrie mur/tableau) sur la cellule vraie; sensibilité marquée à l'orientation (exp4 dominant),0.303
0_0,0_8,7,150,0.04666666666666667,exp2,7,1.0,0,0,0.125,0.15,0,8,2.125,0.15,0,8,2.0,edge,edge,aliasing multi-trajets probable (confusion non locale); effet de bord (géométrie mur/tableau) sur la cellule vraie; sensibilité marquée à l'orientation (exp2 dominant),0.31313513513513513
2_10,2_5,7,150,0.04666666666666667,exp3,7,1.0,2,10,2.625,0.75,2,5,1.375,0.75,0,5,1.25,edge,interior,aliasing multi-trajets probable (confusion non locale); effet de bord (géométrie mur/tableau) sur la cellule vraie; sensibilité marquée à l'orientation (exp3 dominant),0.2624594594594595
3_-2,1_-1,7,150,0.04666666666666667,exp4,7,1.0,3,-2,-0.375,1.0499999999999998,1,-1,-0.125,0.44999999999999996,2,1,0.6499999999999999,interior,interior,sensibilité marquée à l'orientation (exp4 dominant),0.2219189189189189
3_-2,4_7,7,150,0.04666666666666667,exp4,7,1.0,3,-2,-0.375,1.0499999999999998,4,7,1.875,1.3499999999999999,1,9,2.2699118925632336,interior,edge,aliasing multi-trajets probable (confusion non locale); attraction vers une signature de bord; sensibilité marquée à l'orientation (exp4 dominant),0.33137242517319143
3_0,3_8,7,150,0.04666666666666667,exp3,7,1.0,3,0,0.125,1.0499999999999998,3,8,2.125,1.0499999999999998,0,8,2.0,interior,interior,aliasing multi-trajets probable (confusion non locale); sensibilité marquée à l'orientation (exp3 dominant),0.31313513513513513
3_10,0_5,7,150,0.04666666666666667,exp2,7,1.0,3,10,2.625,1.0499999999999998,0,5,1.375,0.15,3,5,1.540292180074936,edge,edge,aliasing multi-trajets probable (confusion non locale); effet de bord (géométrie mur/tableau) sur la cellule vraie; sensibilité marquée à l'orientation (exp2 dominant),0.28207379595100923
3_8,3_0,7,150,0.04666666666666667,exp3,7,1.0,3,8,2.125,1.0499999999999998,3,0,0.125,1.0499999999999998,0,8,2.0,interior,interior,aliasing multi-trajets probable (confusion non locale); sensibilité marquée à l'orientation (exp3 dominant),0.31313513513513513
3_9,0_8,7,150,0.04666666666666667,exp4,7,1.0,3,9,2.375,1.0499999999999998,0,8,2.125,0.15,3,1,0.93407708461347,interior,edge,aliasing multi-trajets probable (confusion non locale); attraction vers une signature de bord; sensibilité marquée à l'orientation (exp4 dominant),0.24111331652793716
4_3,2_4,7,150,0.04666666666666667,exp2,7,1.0,4,3,0.875,1.3499999999999999,2,4,1.125,0.75,2,1,0.6499999999999999,edge,interior,effet de bord (géométrie mur/tableau) sur la cellule vraie; sensibilité marquée à l'orientation (exp2 dominant),0.2219189189189189
4_8,1_10,7,150,0.04666666666666667,exp1,7,1.0,4,8,2.125,1.3499999999999999,1,10,2.625,0.44999999999999996,3,2,1.0295630140987,edge,edge,aliasing multi-trajets probable (confusion non locale); effet de bord (géométrie mur/tableau) sur la cellule vraie; sensibilité marquée à l'orientation (exp1 dominant),0.24756506852018242
0_-3,1_-3,6,150,0.04,exp1,6,1.0,0,-3,-0.625,0.15,1,-3,-0.625,0.44999999999999996,1,0,0.29999999999999993,edge,interior,gradient RSSI local faible entre cellules voisines; effet de bord (géométrie mur/tableau) sur la cellule vraie; sensibilité marquée à l'orientation (exp1 dominant),0.19427027027027027
0_-3,2_-4,6,150,0.04,exp3,6,1.0,0,-3,-0.625,0.15,2,-4,-0.875,0.75,2,1,0.65,edge,edge,effet de bord (géométrie mur/tableau) sur la cellule vraie; sensibilité marquée à l'orientation (exp3 dominant),0.2179189189189189
0_1,1_8,6,150,0.04,exp5,6,1.0,0,1,0.375,0.15,1,8,2.125,0.44999999999999996,1,7,1.7755280904564703,edge,interior,aliasing multi-trajets probable (confusion non locale); effet de bord (géométrie mur/tableau) sur la cellule vraie; sensibilité marquée à l'élévation (exp5 dominant),0.2939681142200318
1_0,1_3,6,150,0.04,exp6,6,1.0,1,0,0.125,0.44999999999999996,1,3,0.875,0.44999999999999996,0,3,0.75,interior,interior,sensibilité marquée à l'élévation (exp6 dominant),0.22467567567567567
2_-2,4_-4,6,150,0.04,exp3,6,1.0,2,-2,-0.375,0.75,4,-4,-0.875,1.3499999999999999,2,2,0.7810249675906653,interior,corner,attraction vers une signature de bord; sensibilité marquée à l'orientation (exp3 dominant),0.22677195726963956
2_-4,3_0,6,150,0.04,exp2,6,1.0,2,-4,-0.875,0.75,3,0,0.125,1.0499999999999998,1,4,1.0440306508910548,edge,interior,aliasing multi-trajets probable (confusion non locale); effet de bord (géométrie mur/tableau) sur la cellule vraie; sensibilité marquée à l'orientation (exp2 dominant),0.2445426115466929
2_0,1_1,6,150,0.04,exp6,6,1.0,2,0,0.125,0.75,1,1,0.375,0.44999999999999996,1,1,0.39051248379533277,interior,interior,sensibilité marquée à l'élévation (exp6 dominant),0.20038597863481977
2_0,1_10,6,150,0.04,exp3,6,1.0,2,0,0.125,0.75,1,10,2.625,0.44999999999999996,1,10,2.5179356624028344,interior,edge,aliasing multi-trajets probable (confusion non locale); attraction vers une signature de bord; sensibilité marquée à l'orientation (exp3 dominant),0.3441307880001915
2_3,3_7,6,150,0.04,exp5,6,1.0,2,3,0.875,0.75,3,7,1.875,1.0499999999999998,1,4,1.0440306508910548,interior,interior,aliasing multi-trajets probable (confusion non locale); sensibilité marquée à l'élévation (exp5 dominant),0.2445426115466929
4_-1,4_4,6,150,0.04,exp3,6,1.0,4,-1,-0.125,1.3499999999999999,4,4,1.125,1.3499999999999999,0,5,1.25,edge,edge,aliasing multi-trajets probable (confusion non locale); effet de bord (géométrie mur/tableau) sur la cellule vraie; sensibilité marquée à l'orientation (exp3 dominant),0.2584594594594595
4_8,1_3,6,150,0.04,exp2,6,1.0,4,8,2.125,1.3499999999999999,1,3,0.875,0.44999999999999996,3,5,1.540292180074936,edge,interior,aliasing multi-trajets probable (confusion non locale); effet de bord (géométrie mur/tableau) sur la cellule vraie; sensibilité marquée à l'orientation (exp2 dominant),0.27807379595100923
4_9,2_9,6,150,0.04,exp6,6,1.0,4,9,2.375,1.3499999999999999,2,9,2.375,0.75,2,0,0.5999999999999999,edge,interior,effet de bord (géométrie mur/tableau) sur la cellule vraie; sensibilité marquée à l'élévation (exp6 dominant),0.21454054054054053
0_1,2_4,5,150,0.03333333333333333,exp4,5,1.0,0,1,0.375,0.15,2,4,1.125,0.75,2,3,0.9604686356149273,edge,interior,aliasing multi-trajets probable (confusion non locale); effet de bord (géométrie mur/tableau) sur la cellule vraie; sensibilité marquée à l'orientation (exp4 dominant),0.23489652943344103
0_6,2_-4,5,150,0.03333333333333333,exp1,5,1.0,0,6,1.625,0.15,2,-4,-0.875,0.75,2,10,2.570992026436488,edge,edge,aliasing multi-trajets probable (confusion non locale); effet de bord (géométrie mur/tableau) sur la cellule vraie; sensibilité marquée à l'orientation (exp1 dominant),0.3437156774619249
1_7,2_8,5,150,0.03333333333333333,exp6,5,1.0,1,7,1.875,0.44999999999999996,2,8,2.125,0.75,1,1,0.39051248379533277,interior,interior,sensibilité marquée à l'élévation (exp6 dominant),0.19638597863481977
2_-3,3_0,5,150,0.03333333333333333,exp4,5,1.0,2,-3,-0.625,0.75,3,0,0.125,1.0499999999999998,1,3,0.8077747210701756,interior,interior,sensibilité marquée à l'orientation (exp4 dominant),0.22457937304528214
2_1,1_-2,5,150,0.03333333333333333,exp4,5,1.0,2,1,0.375,0.75,1,-2,-0.375,0.44999999999999996,1,3,0.8077747210701757,interior,interior,sensibilité marquée à l'orientation (exp4 dominant),0.22457937304528214
2_7,0_-2,5,150,0.03333333333333333,exp6,5,1.0,2,7,1.875,0.75,0,-2,-0.375,0.15,2,9,2.328626204439004,interior,edge,aliasing multi-trajets probable (confusion non locale); attraction vers une signature de bord; sensibilité marquée à l'élévation (exp6 dominant),0.32733960840804077
3_-2,0_1,5,150,0.03333333333333333,exp6,5,1.0,3,-2,-0.375,1.0499999999999998,0,1,0.375,0.15,3,3,1.171537451385998,interior,edge,aliasing multi-trajets probable (confusion non locale); attraction vers une signature de bord; sensibilité marquée à l'élévation (exp6 dominant),0.24915793590445934
3_1,4_1,5,150,0.03333333333333333,exp4,5,1.0,3,1,0.375,1.0499999999999998,4,1,0.375,1.3499999999999999,1,0,0.30000000000000004,interior,edge,gradient RSSI local faible entre cellules voisines; attraction vers une signature de bord; sensibilité marquée à l'orientation (exp4 dominant),0.19027027027027027
3_6,4_-4,5,150,0.03333333333333333,exp4,5,1.0,3,6,1.625,1.0499999999999998,4,-4,-0.875,1.3499999999999999,1,10,2.5179356624028344,interior,corner,aliasing multi-trajets probable (confusion non locale); attraction vers une signature de bord; sensibilité marquée à l'orientation (exp4 dominant),0.3401307880001915
3_7,3_-4,5,150,0.03333333333333333,exp5,5,1.0,3,7,1.875,1.0499999999999998,3,-4,-0.875,1.0499999999999998,0,11,2.75,interior,edge,aliasing multi-trajets probable (confusion non locale); attraction vers une signature de bord; sensibilité marquée à l'élévation (exp5 dominant),0.3558108108108108
3_9,0_-2,5,150,0.03333333333333333,exp1,5,1.0,3,9,2.375,1.0499999999999998,0,-2,-0.375,0.15,3,11,2.8935272592460572,interior,edge,aliasing multi-trajets probable (confusion non locale); attraction vers une signature de bord; sensibilité marquée à l'orientation (exp1 dominant),0.36550859859770657
4_0,3_10,5,150,0.03333333333333333,exp6,5,1.0,4,0,0.125,1.3499999999999999,3,10,2.625,1.0499999999999998,1,10,2.5179356624028344,edge,edge,aliasing multi-trajets probable (confusion non locale); effet de bord (géométrie mur/tableau) sur la cellule vraie; sensibilité marquée à l'élévation (exp6 dominant),0.3401307880001915
0_8,0_3,4,150,0.02666666666666667,exp2,4,1.0,0,8,2.125,0.15,0,3,0.875,0.15,0,5,1.25,edge,edge,aliasing multi-trajets probable (confusion non locale); effet de bord (géométrie mur/tableau) sur la cellule vraie; sensibilité marquée à l'orientation (exp2 dominant),0.25045945945945947
1_10,1_-4,4,150,0.02666666666666667,exp6,4,1.0,1,10,2.625,0.44999999999999996,1,-4,-0.875,0.44999999999999996,0,14,3.5,edge,edge,aliasing multi-trajets probable (confusion non locale); effet de bord (géométrie mur/tableau) sur la cellule vraie; sensibilité marquée à l'élévation (exp6 dominant),0.40248648648648655
1_2,4_2,4,150,0.02666666666666667,exp5,4,1.0,1,2,0.625,0.44999999999999996,4,2,0.625,1.3499999999999999,3,0,0.8999999999999999,interior,edge,attraction vers une signature de bord; sensibilité marquée à l'élévation (exp5 dominant),0.2268108108108108
1_5,1_1,4,150,0.02666666666666667,exp6,4,1.0,1,5,1.375,0.44999999999999996,1,1,0.375,0.44999999999999996,0,4,1.0,interior,interior,aliasing multi-trajets probable (confusion non locale); sensibilité marquée à l'élévation (exp6 dominant),0.23356756756756758
1_6,1_-3,4,150,0.02666666666666667,exp6,4,1.0,1,6,1.625,0.44999999999999996,1,-3,-0.625,0.44999999999999996,0,9,2.25,interior,interior,aliasing multi-trajets probable (confusion non locale); sensibilité marquée à l'élévation (exp6 dominant),0.318027027027027
1_6,1_7,4,150,0.02666666666666667,exp1,4,1.0,1,6,1.625,0.44999999999999996,1,7,1.875,0.44999999999999996,0,1,0.25,interior,interior,gradient RSSI local faible entre cellules voisines; sensibilité marquée à l'orientation (exp1 dominant),0.1828918918918919
1_7,0_-1,4,150,0.02666666666666667,exp5,4,1.0,1,7,1.875,0.44999999999999996,0,-1,-0.125,0.15,1,8,2.0223748416156684,interior,edge,aliasing multi-trajets probable (confusion non locale); attraction vers une signature de bord; sensibilité marquée à l'élévation (exp5 dominant),0.3026469487578154
2_-4,3_10,4,150,0.02666666666666667,exp4,4,1.0,2,-4,-0.875,0.75,3,10,2.625,1.0499999999999998,1,14,3.5128336140500593,edge,edge,aliasing multi-trajets probable (confusion non locale); effet de bord (géométrie mur/tableau) sur la cellule vraie; sensibilité marquée à l'orientation (exp4 dominant),0.40335362257095
2_1,1_5,4,150,0.02666666666666667,exp4,4,1.0,2,1,0.375,0.75,1,5,1.375,0.44999999999999996,1,4,1.044030650891055,interior,interior,aliasing multi-trajets probable (confusion non locale); sensibilité marquée à l'orientation (exp4 dominant),0.23654261154669293
2_3,3_5,4,150,0.02666666666666667,exp4,3,0.75,2,3,0.875,0.75,3,5,1.375,1.0499999999999998,1,2,0.58309518948453,interior,interior,sensibilité marquée à l'orientation (exp4 dominant),0.1678983236138196
2_9,0_6,4,150,0.02666666666666667,exp2,3,0.75,2,9,2.375,0.75,0,6,1.625,0.15,2,3,0.9604686356149273,interior,edge,aliasing multi-trajets probable (confusion non locale); attraction vers une signature de bord; sensibilité marquée à l'orientation (exp2 dominant),0.19339652943344104
3_-4,0_2,4,150,0.02666666666666667,exp6,4,1.0,3,-4,-0.875,1.0499999999999998,0,2,0.625,0.15,3,6,1.74928556845359,edge,edge,aliasing multi-trajets probable (confusion non locale); effet de bord (géométrie mur/tableau) sur la cellule vraie; sensibilité marquée à l'élévation (exp6 dominant),0.2841949708414588
3_0,3_5,4,150,0.02666666666666667,exp4,4,1.0,3,0,0.125,1.0499999999999998,3,5,1.375,1.0499999999999998,0,5,1.25,interior,interior,aliasing multi-trajets probable (confusion non locale); sensibilité marquée à l'orientation (exp4 dominant),0.25045945945945947
3_1,2_0,4,150,0.02666666666666667,exp3,4,1.0,3,1,0.375,1.0499999999999998,2,0,0.125,0.75,1,1,0.3905124837953326,interior,interior,sensibilité marquée à l'orientation (exp3 dominant),0.19238597863481977
3_10,0_1,4,150,0.02666666666666667,exp6,4,1.0,3,10,2.625,1.0499999999999998,0,1,0.375,0.15,3,9,2.423324163210527,edge,edge,aliasing multi-trajets probable (confusion non locale); effet de bord (géométrie mur/tableau) sur la cellule vraie; sensibilité marquée à l'élévation (exp6 dominant),0.3297381191358464
3_4,3_7,4,150,0.02666666666666667,exp6,4,1.0,3,4,1.125,1.0499999999999998,3,7,1.875,1.0499999999999998,0,3,0.75,interior,interior,sensibilité marquée à l'élévation (exp6 dominant),0.21667567567567567
4_3,1_1,4,150,0.02666666666666667,exp2,4,1.0,4,3,0.875,1.3499999999999999,1,1,0.375,0.44999999999999996,3,2,1.0295630140987,edge,interior,aliasing multi-trajets probable (confusion non locale); effet de bord (géométrie mur/tableau) sur la cellule vraie; sensibilité marquée à l'orientation (exp2 dominant),0.23556506852018244
4_4,1_4,4,150,0.02666666666666667,exp6,4,1.0,4,4,1.125,1.3499999999999999,1,4,1.125,0.44999999999999996,3,0,0.8999999999999999,edge,interior,effet de bord (géométrie mur/tableau) sur la cellule vraie; sensibilité marquée à l'élévation (exp6 dominant),0.2268108108108108
4_4,1_8,4,150,0.02666666666666667,exp2,4,1.0,4,4,1.125,1.3499999999999999,1,8,2.125,0.44999999999999996,3,4,1.345362404707371,edge,interior,aliasing multi-trajets probable (confusion non locale); effet de bord (géométrie mur/tableau) sur la cellule vraie; sensibilité marquée à l'orientation (exp2 dominant),0.2569028651829305
4_8,0_-2,4,150,0.02666666666666667,exp4,4,1.0,4,8,2.125,1.3499999999999999,0,-2,-0.375,0.15,4,10,2.773084924772409,edge,edge,aliasing multi-trajets probable (confusion non locale); effet de bord (géométrie mur/tableau) sur la cellule vraie; sensibilité marquée à l'orientation (exp4 dominant),0.35337060302516277
0_-3,0_9,3,150,0.02,exp6,3,1.0,0,-3,-0.625,0.15,0,9,2.375,0.15,0,12,3.0,edge,edge,aliasing multi-trajets probable (confusion non locale); effet de bord (géométrie mur/tableau) sur la cellule vraie; sensibilité marquée à l'élévation (exp6 dominant),0.3647027027027027
0_1,2_10,3,150,0.02,exp5,3,1.0,0,1,0.375,0.15,2,10,2.625,0.75,2,9,2.328626204439004,edge,edge,aliasing multi-trajets probable (confusion non locale); effet de bord (géométrie mur/tableau) sur la cellule vraie; sensibilité marquée à l'élévation (exp5 dominant),0.3193396084080408
0_2,1_7,3,150,0.02,exp5,3,1.0,0,2,0.625,0.15,1,7,1.875,0.44999999999999996,1,5,1.285496013218244,edge,interior,aliasing multi-trajets probable (confusion non locale); effet de bord (géométrie mur/tableau) sur la cellule vraie; sensibilité marquée à l'élévation (exp5 dominant),0.24885783873096243
0_6,1_-2,3,150,0.02,exp6,3,1.0,0,6,1.625,0.15,1,-2,-0.375,0.44999999999999996,1,8,2.0223748416156684,edge,interior,aliasing multi-trajets probable (confusion non locale); effet de bord (géométrie mur/tableau) sur la cellule vraie; sensibilité marquée à l'élévation (exp6 dominant),0.29864694875781544
0_7,2_3,3,150,0.02,exp4,3,1.0,0,7,1.875,0.15,2,3,0.875,0.75,2,4,1.16619037896906,edge,interior,aliasing multi-trajets probable (confusion non locale); effet de bord (géométrie mur/tableau) sur la cellule vraie; sensibilité marquée à l'orientation (exp4 dominant),0.2407966472276392
0_8,3_9,3,150,0.02,exp6,3,1.0,0,8,2.125,0.15,3,9,2.375,1.0499999999999998,3,1,0.93407708461347,edge,interior,aliasing multi-trajets probable (confusion non locale); effet de bord (géométrie mur/tableau) sur la cellule vraie; sensibilité marquée à l'élévation (exp6 dominant),0.22511331652793715
1_1,3_-4,3,150,0.02,exp1,3,1.0,1,1,0.375,0.44999999999999996,3,-4,-0.875,1.0499999999999998,2,5,1.3865424623862046,interior,edge,aliasing multi-trajets probable (confusion non locale); attraction vers une signature de bord; sensibilité marquée à l'orientation (exp1 dominant),0.2556853015125814
1_1,4_-2,3,150,0.02,exp4,3,1.0,1,1,0.375,0.44999999999999996,4,-2,-0.375,1.3499999999999999,3,3,1.1715374513859982,interior,edge,aliasing multi-trajets probable (confusion non locale); attraction vers une signature de bord; sensibilité marquée à l'orientation (exp4 dominant),0.24115793590445933
1_3,4_8,3,150,0.02,exp2,3,1.0,1,3,0.875,0.44999999999999996,4,8,2.125,1.3499999999999999,3,5,1.540292180074936,interior,edge,aliasing multi-trajets probable (confusion non locale); attraction vers une signature de bord; sensibilité marquée à l'orientation (exp2 dominant),0.2660737959510092
1_7,0_2,3,150,0.02,exp1,3,1.0,1,7,1.875,0.44999999999999996,0,2,0.625,0.15,1,5,1.285496013218244,interior,edge,aliasing multi-trajets probable (confusion non locale); attraction vers une signature de bord; sensibilité marquée à l'orientation (exp1 dominant),0.24885783873096243
1_8,4_10,3,150,0.02,exp6,3,1.0,1,8,2.125,0.44999999999999996,4,10,2.625,1.3499999999999999,3,2,1.0295630140987,interior,corner,aliasing multi-trajets probable (confusion non locale); attraction vers une signature de bord; sensibilité marquée à l'élévation (exp6 dominant),0.23156506852018244
2_3,3_0,3,150,0.02,exp4,2,0.6666666666666666,2,3,0.875,0.75,3,0,0.125,1.0499999999999998,1,3,0.8077747210701756,interior,interior,sensibilité marquée à l'orientation (exp4 dominant),0.16657937304528214
2_4,3_1,3,150,0.02,exp4,3,1.0,2,4,1.125,0.75,3,1,0.375,1.0499999999999998,1,3,0.8077747210701756,interior,interior,sensibilité marquée à l'orientation (exp4 dominant),0.21657937304528213
2_4,3_3,3,150,0.02,exp6,3,1.0,2,4,1.125,0.75,3,3,0.875,1.0499999999999998,1,1,0.3905124837953326,interior,interior,sensibilité marquée à l'élévation (exp6 dominant),0.18838597863481976
2_5,3_4,3,150,0.02,exp6,3,1.0,2,5,1.375,0.75,3,4,1.125,1.0499999999999998,1,1,0.3905124837953326,interior,interior,sensibilité marquée à l'élévation (exp6 dominant),0.18838597863481976
3_5,2_3,3,150,0.02,exp4,3,1.0,3,5,1.375,1.0499999999999998,2,3,0.875,0.75,1,2,0.58309518948453,interior,interior,sensibilité marquée à l'orientation (exp4 dominant),0.2013983236138196
3_6,1_-2,3,150,0.02,exp4,3,1.0,3,6,1.625,1.0499999999999998,1,-2,-0.375,0.44999999999999996,2,8,2.0880613017821097,interior,interior,aliasing multi-trajets probable (confusion non locale); sensibilité marquée à l'orientation (exp4 dominant),0.3030852230933858
4_-2,4_2,3,150,0.02,exp6,3,1.0,4,-2,-0.375,1.3499999999999999,4,2,0.625,1.3499999999999999,0,4,1.0,edge,edge,aliasing multi-trajets probable (confusion non locale); effet de bord (géométrie mur/tableau) sur la cellule vraie; sensibilité marquée à l'élévation (exp6 dominant),0.22956756756756758
4_-3,4_0,3,150,0.02,exp2,3,1.0,4,-3,-0.625,1.3499999999999999,4,0,0.125,1.3499999999999999,0,3,0.75,edge,edge,effet de bord (géométrie mur/tableau) sur la cellule vraie; sensibilité marquée à l'orientation (exp2 dominant),0.2126756756756757
0_-1,4_1,2,150,0.013333333333333334,exp4,2,1.0,0,-1,-0.125,0.15,4,1,0.375,1.3499999999999999,4,2,1.3,edge,edge,aliasing multi-trajets probable (confusion non locale); effet de bord (géométrie mur/tableau) sur la cellule vraie; sensibilité marquée à l'orientation (exp4 dominant),0.24583783783783783
0_-2,0_9,2,150,0.013333333333333334,exp3,2,1.0,0,-2,-0.375,0.15,0,9,2.375,0.15,0,11,2.75,edge,edge,aliasing multi-trajets probable (confusion non locale); effet de bord (géométrie mur/tableau) sur la cellule vraie; sensibilité marquée à l'orientation (exp3 dominant),0.34381081081081083
0_1,3_10,2,150,0.013333333333333334,exp6,2,1.0,0,1,0.375,0.15,3,10,2.625,1.0499999999999998,3,9,2.423324163210527,edge,edge,aliasing multi-trajets probable (confusion non locale); effet de bord (géométrie mur/tableau) sur la cellule vraie; sensibilité marquée à l'élévation (exp6 dominant),0.32173811913584643
0_3,1_1,2,150,0.013333333333333334,exp2,1,0.5,0,3,0.875,0.15,1,1,0.375,0.44999999999999996,1,2,0.58309518948453,edge,interior,effet de bord (géométrie mur/tableau) sur la cellule vraie,0.1223983236138196
0_4,0_10,2,150,0.013333333333333334,exp2,2,1.0,0,4,1.125,0.15,0,10,2.625,0.15,0,6,1.5,edge,corner,aliasing multi-trajets probable (confusion non locale); effet de bord (géométrie mur/tableau) sur la cellule vraie; sensibilité marquée à l'orientation (exp2 dominant),0.25935135135135134
0_4,3_7,2,150,0.013333333333333334,exp3,2,1.0,0,4,1.125,0.15,3,7,1.875,1.0499999999999998,3,3,1.171537451385998,edge,interior,aliasing multi-trajets probable (confusion non locale); effet de bord (géométrie mur/tableau) sur la cellule vraie; sensibilité marquée à l'orientation (exp3 dominant),0.23715793590445933
0_6,3_8,2,150,0.013333333333333334,exp2,2,1.0,0,6,1.625,0.15,3,8,2.125,1.0499999999999998,3,2,1.0295630140986998,edge,interior,aliasing multi-trajets probable (confusion non locale); effet de bord (géométrie mur/tableau) sur la cellule vraie; sensibilité marquée à l'orientation (exp2 dominant),0.2275650685201824
1_-2,1_-3,2,150,0.013333333333333334,exp3,2,1.0,1,-2,-0.375,0.44999999999999996,1,-3,-0.625,0.44999999999999996,0,1,0.25,interior,interior,gradient RSSI local faible entre cellules voisines; sensibilité marquée à l'orientation (exp3 dominant),0.1748918918918919
1_0,3_9,2,150,0.013333333333333334,exp4,2,1.0,1,0,0.125,0.44999999999999996,3,9,2.375,1.0499999999999998,2,9,2.3286262044390034,interior,interior,aliasing multi-trajets probable (confusion non locale); sensibilité marquée à l'orientation (exp4 dominant),0.31533960840804076
1_0,4_3,2,150,0.013333333333333334,exp3,2,1.0,1,0,0.125,0.44999999999999996,4,3,0.875,1.3499999999999999,3,3,1.1715374513859982,interior,edge,aliasing multi-trajets probable (confusion non locale); attraction vers une signature de bord; sensibilité marquée à l'orientation (exp3 dominant),0.23715793590445933
1_1,0_3,2,150,0.013333333333333334,exp1,2,1.0,1,1,0.375,0.44999999999999996,0,3,0.875,0.15,1,2,0.58309518948453,interior,edge,attraction vers une signature de bord; sensibilité marquée à l'orientation (exp1 dominant),0.1973983236138196
1_1,1_0,2,150,0.013333333333333334,exp5,2,1.0,1,1,0.375,0.44999999999999996,1,0,0.125,0.44999999999999996,0,1,0.25,interior,interior,gradient RSSI local faible entre cellules voisines; sensibilité marquée à l'élévation (exp5 dominant),0.1748918918918919
1_3,3_10,2,150,0.013333333333333334,exp5,2,1.0,1,3,0.875,0.44999999999999996,3,10,2.625,1.0499999999999998,2,7,1.8499999999999999,interior,edge,aliasing multi-trajets probable (confusion non locale); attraction vers une signature de bord; sensibilité marquée à l'élévation (exp5 dominant),0.28300000000000003
1_4,2_-2,2,150,0.013333333333333334,exp3,2,1.0,1,4,1.125,0.44999999999999996,2,-2,-0.375,0.75,1,6,1.5297058540778354,interior,interior,aliasing multi-trajets probable (confusion non locale); sensibilité marquée à l'orientation (exp3 dominant),0.2613585036539078
1_4,4_4,2,150,0.013333333333333334,exp2,2,1.0,1,4,1.125,0.44999999999999996,4,4,1.125,1.3499999999999999,3,0,0.8999999999999999,interior,edge,attraction vers une signature de bord; sensibilité marquée à l'orientation (exp2 dominant),0.2188108108108108
1_7,3_5,2,150,0.013333333333333334,exp2,2,1.0,1,7,1.875,0.44999999999999996,3,5,1.375,1.0499999999999998,2,2,0.7810249675906653,interior,interior,sensibilité marquée à l'orientation (exp2 dominant),0.21077195726963954
1_8,0_5,2,150,0.013333333333333334,exp5,2,1.0,1,8,2.125,0.44999999999999996,0,5,1.375,0.15,1,3,0.8077747210701756,interior,edge,attraction vers une signature de bord; sensibilité marquée à l'élévation (exp5 dominant),0.21257937304528213
2_-1,2_-4,2,150,0.013333333333333334,exp3,2,1.0,2,-1,-0.125,0.75,2,-4,-0.875,0.75,0,3,0.75,interior,edge,attraction vers une signature de bord; sensibilité marquée à l'orientation (exp3 dominant),0.2086756756756757
2_-3,3_8,2,150,0.013333333333333334,exp4,2,1.0,2,-3,-0.625,0.75,3,8,2.125,1.0499999999999998,1,11,2.766315238724611,interior,interior,aliasing multi-trajets probable (confusion non locale); sensibilité marquée à l'orientation (exp4 dominant),0.344913191805717
2_-4,4_5,2,150,0.013333333333333334,exp5,2,1.0,2,-4,-0.875,0.75,4,5,1.375,1.3499999999999999,2,9,2.3286262044390034,edge,edge,aliasing multi-trajets probable (confusion non locale); effet de bord (géométrie mur/tableau) sur la cellule vraie; sensibilité marquée à l'élévation (exp5 dominant),0.31533960840804076
2_0,1_7,2,150,0.013333333333333334,exp3,2,1.0,2,0,0.125,0.75,1,7,1.875,0.44999999999999996,1,7,1.7755280904564703,interior,interior,aliasing multi-trajets probable (confusion non locale); sensibilité marquée à l'orientation (exp3 dominant),0.27796811422003176
2_0,1_9,2,150,0.013333333333333334,exp3,2,1.0,2,0,0.125,0.75,1,9,2.375,0.44999999999999996,1,9,2.2699118925632336,interior,interior,aliasing multi-trajets probable (confusion non locale); sensibilité marquée à l'orientation (exp3 dominant),0.31137242517319147
3_-2,1_7,2,150,0.013333333333333334,exp6,2,1.0,3,-2,-0.375,1.0499999999999998,1,7,1.875,0.44999999999999996,2,9,2.3286262044390034,interior,interior,aliasing multi-trajets probable (confusion non locale); sensibilité marquée à l'élévation (exp6 dominant),0.31533960840804076
3_-4,4_5,2,150,0.013333333333333334,exp6,2,1.0,3,-4,-0.875,1.0499999999999998,4,5,1.375,1.3499999999999999,1,9,2.2699118925632336,edge,edge,aliasing multi-trajets probable (confusion non locale); effet de bord (géométrie mur/tableau) sur la cellule vraie; sensibilité marquée à l'élévation (exp6 dominant),0.31137242517319147
3_2,3_-1,2,150,0.013333333333333334,exp5,2,1.0,3,2,0.625,1.0499999999999998,3,-1,-0.125,1.0499999999999998,0,3,0.75,interior,interior,sensibilité marquée à l'élévation (exp5 dominant),0.2086756756756757
3_3,1_-4,2,150,0.013333333333333334,exp2,2,1.0,3,3,0.875,1.0499999999999998,1,-4,-0.875,0.44999999999999996,2,7,1.8499999999999999,interior,edge,aliasing multi-trajets probable (confusion non locale); attraction vers une signature de bord; sensibilité marquée à l'orientation (exp2 dominant),0.28300000000000003
3_5,3_0,2,150,0.013333333333333334,exp4,2,1.0,3,5,1.375,1.0499999999999998,3,0,0.125,1.0499999999999998,0,5,1.25,interior,interior,aliasing multi-trajets probable (confusion non locale); sensibilité marquée à l'orientation (exp4 dominant),0.24245945945945946
3_8,2_-4,2,150,0.013333333333333334,exp4,2,1.0,3,8,2.125,1.0499999999999998,2,-4,-0.875,0.75,1,12,3.014962686336267,interior,edge,aliasing multi-trajets probable (confusion non locale); attraction vers une signature de bord; sensibilité marquée à l'orientation (exp4 dominant),0.36171369502272077
3_8,2_8,2,150,0.013333333333333334,exp5,2,1.0,3,8,2.125,1.0499999999999998,2,8,2.125,0.75,1,0,0.2999999999999998,interior,interior,gradient RSSI local faible entre cellules voisines; sensibilité marquée à l'élévation (exp5 dominant),0.17827027027027026
3_8,3_3,2,150,0.013333333333333334,exp1,2,1.0,3,8,2.125,1.0499999999999998,3,3,0.875,1.0499999999999998,0,5,1.25,interior,interior,aliasing multi-trajets probable (confusion non locale); sensibilité marquée à l'orientation (exp1 dominant),0.24245945945945946
3_8,4_-3,2,150,0.013333333333333334,exp6,2,1.0,3,8,2.125,1.0499999999999998,4,-3,-0.625,1.3499999999999999,1,11,2.766315238724611,interior,edge,aliasing multi-trajets probable (confusion non locale); attraction vers une signature de bord; sensibilité marquée à l'élévation (exp6 dominant),0.344913191805717
3_9,2_0,2,150,0.013333333333333334,exp1,2,1.0,3,9,2.375,1.0499999999999998,2,0,0.125,0.75,1,9,2.2699118925632336,interior,interior,aliasing multi-trajets probable (confusion non locale); sensibilité marquée à l'orientation (exp1 dominant),0.31137242517319147
4_-4,2_6,2,150,0.013333333333333334,exp6,2,1.0,4,-4,-0.875,1.3499999999999999,2,6,1.625,0.75,2,10,2.570992026436488,corner,interior,aliasing multi-trajets probable (confusion non locale); effet de bord (géométrie mur/tableau) sur la cellule vraie; sensibilité marquée à l'élévation (exp6 dominant),0.3317156774619249
4_10,2_6,2,150,0.013333333333333334,exp2,2,1.0,4,10,2.625,1.3499999999999999,2,6,1.625,0.75,2,4,1.16619037896906,corner,interior,aliasing multi-trajets probable (confusion non locale); effet de bord (géométrie mur/tableau) sur la cellule vraie; sensibilité marquée à l'orientation (exp2 dominant),0.23679664722763918
4_2,1_-4,2,150,0.013333333333333334,exp4,2,1.0,4,2,0.625,1.3499999999999999,1,-4,-0.875,0.44999999999999996,3,6,1.74928556845359,edge,edge,aliasing multi-trajets probable (confusion non locale); effet de bord (géométrie mur/tableau) sur la cellule vraie; sensibilité marquée à l'orientation (exp4 dominant),0.2761949708414588
4_5,3_-4,2,150,0.013333333333333334,exp6,2,1.0,4,5,1.375,1.3499999999999999,3,-4,-0.875,1.0499999999999998,1,9,2.2699118925632336,edge,edge,aliasing multi-trajets probable (confusion non locale); effet de bord (géométrie mur/tableau) sur la cellule vraie; sensibilité marquée à l'élévation (exp6 dominant),0.31137242517319147
4_6,4_-1,2,150,0.013333333333333334,exp2,2,1.0,4,6,1.625,1.3499999999999999,4,-1,-0.125,1.3499999999999999,0,7,1.75,edge,edge,aliasing multi-trajets probable (confusion non locale); effet de bord (géométrie mur/tableau) sur la cellule vraie; sensibilité marquée à l'orientation (exp2 dominant),0.27624324324324323
4_7,0_1,2,150,0.013333333333333334,exp5,2,1.0,4,7,1.875,1.3499999999999999,0,1,0.375,0.15,4,6,1.9209372712298547,edge,edge,aliasing multi-trajets probable (confusion non locale); effet de bord (géométrie mur/tableau) sur la cellule vraie; sensibilité marquée à l'élévation (exp5 dominant),0.2877930588668821
4_7,3_7,2,150,0.013333333333333334,exp2,2,1.0,4,7,1.875,1.3499999999999999,3,7,1.875,1.0499999999999998,1,0,0.30000000000000004,edge,interior,gradient RSSI local faible entre cellules voisines; effet de bord (géométrie mur/tableau) sur la cellule vraie; sensibilité marquée à l'orientation (exp2 dominant),0.17827027027027026
4_8,4_9,2,150,0.013333333333333334,exp2,2,1.0,4,8,2.125,1.3499999999999999,4,9,2.375,1.3499999999999999,0,1,0.25,edge,edge,gradient RSSI local faible entre cellules voisines; effet de bord (géométrie mur/tableau) sur la cellule vraie; sensibilité marquée à l'orientation (exp2 dominant),0.1748918918918919
0_-1,3_10,1,150,0.006666666666666667,exp4,1,1.0,0,-1,-0.125,0.15,3,10,2.625,1.0499999999999998,3,11,2.8935272592460572,edge,edge,aliasing multi-trajets probable (confusion non locale); effet de bord (géométrie mur/tableau) sur la cellule vraie; sensibilité marquée à l'orientation (exp4 dominant),0.34950859859770655
0_-1,4_2,1,150,0.006666666666666667,exp3,1,1.0,0,-1,-0.125,0.15,4,2,0.625,1.3499999999999999,4,3,1.4150971698084907,edge,edge,aliasing multi-trajets probable (confusion non locale); effet de bord (géométrie mur/tableau) sur la cellule vraie; sensibilité marquée à l'orientation (exp3 dominant),0.24961467363570883
0_-2,0_4,1,150,0.006666666666666667,exp6,1,1.0,0,-2,-0.375,0.15,0,4,1.125,0.15,0,6,1.5,edge,edge,aliasing multi-trajets probable (confusion non locale); effet de bord (géométrie mur/tableau) sur la cellule vraie; sensibilité marquée à l'élévation (exp6 dominant),0.25535135135135134
0_-4,4_6,1,150,0.006666666666666667,exp5,1,1.0,0,-4,-0.875,0.15,4,6,1.625,1.3499999999999999,4,10,2.773084924772409,corner,edge,aliasing multi-trajets probable (confusion non locale); effet de bord (géométrie mur/tableau) sur la cellule vraie; sensibilité marquée à l'élévation (exp5 dominant),0.34137060302516276
0_0,0_9,1,150,0.006666666666666667,exp6,1,1.0,0,0,0.125,0.15,0,9,2.375,0.15,0,9,2.25,edge,edge,aliasing multi-trajets probable (confusion non locale); effet de bord (géométrie mur/tableau) sur la cellule vraie; sensibilité marquée à l'élévation (exp6 dominant),0.306027027027027
0_0,3_-4,1,150,0.006666666666666667,exp4,1,1.0,0,0,0.125,0.15,3,-4,-0.875,1.0499999999999998,3,4,1.345362404707371,edge,edge,aliasing multi-trajets probable (confusion non locale); effet de bord (géométrie mur/tableau) sur la cellule vraie; sensibilité marquée à l'orientation (exp4 dominant),0.24490286518293047
0_1,4_1,1,150,0.006666666666666667,exp4,1,1.0,0,1,0.375,0.15,4,1,0.375,1.3499999999999999,4,0,1.2,edge,edge,aliasing multi-trajets probable (confusion non locale); effet de bord (géométrie mur/tableau) sur la cellule vraie; sensibilité marquée à l'orientation (exp4 dominant),0.23508108108108108
0_10,3_5,1,150,0.006666666666666667,exp2,1,1.0,0,10,2.625,0.15,3,5,1.375,1.0499999999999998,3,5,1.540292180074936,corner,interior,aliasing multi-trajets probable (confusion non locale); effet de bord (géométrie mur/tableau) sur la cellule vraie; sensibilité marquée à l'orientation (exp2 dominant),0.2580737959510092
0_2,2_8,1,150,0.006666666666666667,exp3,1,1.0,0,2,0.625,0.15,2,8,2.125,0.75,2,6,1.6155494421403511,edge,interior,aliasing multi-trajets probable (confusion non locale); effet de bord (géométrie mur/tableau) sur la cellule vraie; sensibilité marquée à l'orientation (exp3 dominant),0.2631587460905643
0_3,2_9,1,150,0.006666666666666667,exp1,1,1.0,0,3,0.875,0.15,2,9,2.375,0.75,2,6,1.6155494421403511,edge,interior,aliasing multi-trajets probable (confusion non locale); effet de bord (géométrie mur/tableau) sur la cellule vraie; sensibilité marquée à l'orientation (exp1 dominant),0.2631587460905643
0_3,3_-2,1,150,0.006666666666666667,exp4,1,1.0,0,3,0.875,0.15,3,-2,-0.375,1.0499999999999998,3,5,1.540292180074936,edge,interior,aliasing multi-trajets probable (confusion non locale); effet de bord (géométrie mur/tableau) sur la cellule vraie; sensibilité marquée à l'orientation (exp4 dominant),0.2580737959510092
0_5,1_0,1,150,0.006666666666666667,exp5,1,1.0,0,5,1.375,0.15,1,0,0.125,0.44999999999999996,1,5,1.285496013218244,edge,interior,aliasing multi-trajets probable (confusion non locale); effet de bord (géométrie mur/tableau) sur la cellule vraie; sensibilité marquée à l'élévation (exp5 dominant),0.24085783873096245
0_5,1_7,1,150,0.006666666666666667,exp2,1,1.0,0,5,1.375,0.15,1,7,1.875,0.44999999999999996,1,2,0.58309518948453,edge,interior,effet de bord (géométrie mur/tableau) sur la cellule vraie; sensibilité marquée à l'orientation (exp2 dominant),0.1933983236138196
0_6,1_5,1,150,0.006666666666666667,exp5,1,1.0,0,6,1.625,0.15,1,5,1.375,0.44999999999999996,1,1,0.39051248379533265,edge,interior,effet de bord (géométrie mur/tableau) sur la cellule vraie; sensibilité marquée à l'élévation (exp5 dominant),0.18038597863481978
0_7,3_5,1,150,0.006666666666666667,exp6,1,1.0,0,7,1.875,0.15,3,5,1.375,1.0499999999999998,3,2,1.0295630140986998,edge,interior,aliasing multi-trajets probable (confusion non locale); effet de bord (géométrie mur/tableau) sur la cellule vraie; sensibilité marquée à l'élévation (exp6 dominant),0.22356506852018243
0_7,4_5,1,150,0.006666666666666667,exp3,1,1.0,0,7,1.875,0.15,4,5,1.375,1.3499999999999999,4,2,1.3,edge,edge,aliasing multi-trajets probable (confusion non locale); effet de bord (géométrie mur/tableau) sur la cellule vraie; sensibilité marquée à l'orientation (exp3 dominant),0.24183783783783785
0_8,0_6,1,150,0.006666666666666667,exp6,1,1.0,0,8,2.125,0.15,0,6,1.625,0.15,0,2,0.5,edge,edge,effet de bord (géométrie mur/tableau) sur la cellule vraie; sensibilité marquée à l'élévation (exp6 dominant),0.1877837837837838
0_8,2_4,1,150,0.006666666666666667,exp4,1,1.0,0,8,2.125,0.15,2,4,1.125,0.75,2,4,1.16619037896906,edge,interior,aliasing multi-trajets probable (confusion non locale); effet de bord (géométrie mur/tableau) sur la cellule vraie; sensibilité marquée à l'orientation (exp4 dominant),0.2327966472276392
0_9,0_-3,1,150,0.006666666666666667,exp2,1,1.0,0,9,2.375,0.15,0,-3,-0.625,0.15,0,12,3.0,edge,edge,aliasing multi-trajets probable (confusion non locale); effet de bord (géométrie mur/tableau) sur la cellule vraie; sensibilité marquée à l'orientation (exp2 dominant),0.3567027027027027
0_9,0_0,1,150,0.006666666666666667,exp4,1,1.0,0,9,2.375,0.15,0,0,0.125,0.15,0,9,2.25,edge,edge,aliasing multi-trajets probable (confusion non locale); effet de bord (géométrie mur/tableau) sur la cellule vraie; sensibilité marquée à l'orientation (exp4 dominant),0.306027027027027
1_-1,4_7,1,150,0.006666666666666667,exp4,1,1.0,1,-1,-0.125,0.44999999999999996,4,7,1.875,1.3499999999999999,3,8,2.1931712199461306,interior,edge,aliasing multi-trajets probable (confusion non locale); attraction vers une signature de bord; sensibilité marquée à l'orientation (exp4 dominant),0.3021872445909548
1_-2,0_-1,1,150,0.006666666666666667,exp5,1,1.0,1,-2,-0.375,0.44999999999999996,0,-1,-0.125,0.15,1,1,0.39051248379533265,interior,edge,attraction vers une signature de bord; sensibilité marquée à l'élévation (exp5 dominant),0.18038597863481978
1_-2,0_-2,1,150,0.006666666666666667,exp4,1,1.0,1,-2,-0.375,0.44999999999999996,0,-2,-0.375,0.15,1,0,0.29999999999999993,interior,edge,gradient RSSI local faible entre cellules voisines; attraction vers une signature de bord; sensibilité marquée à l'orientation (exp4 dominant),0.17427027027027026
1_-2,0_4,1,150,0.006666666666666667,exp1,1,1.0,1,-2,-0.375,0.44999999999999996,0,4,1.125,0.15,1,6,1.5297058540778354,interior,edge,aliasing multi-trajets probable (confusion non locale); attraction vers une signature de bord; sensibilité marquée à l'orientation (exp1 dominant),0.2573585036539078
1_-2,0_6,1,150,0.006666666666666667,exp6,1,1.0,1,-2,-0.375,0.44999999999999996,0,6,1.625,0.15,1,8,2.0223748416156684,interior,edge,aliasing multi-trajets probable (confusion non locale); attraction vers une signature de bord; sensibilité marquée à l'élévation (exp6 dominant),0.29064694875781544
1_-2,3_-1,1,150,0.006666666666666667,exp1,1,1.0,1,-2,-0.375,0.44999999999999996,3,-1,-0.125,1.0499999999999998,2,1,0.6499999999999999,interior,interior,sensibilité marquée à l'orientation (exp1 dominant),0.1979189189189189
1_-4,3_-1,1,150,0.006666666666666667,exp2,1,1.0,1,-4,-0.875,0.44999999999999996,3,-1,-0.125,1.0499999999999998,2,3,0.9604686356149272,edge,interior,aliasing multi-trajets probable (confusion non locale); effet de bord (géométrie mur/tableau) sur la cellule vraie; sensibilité marquée à l'orientation (exp2 dominant),0.218896529433441
1_0,1_1,1,150,0.006666666666666667,exp5,1,1.0,1,0,0.125,0.44999999999999996,1,1,0.375,0.44999999999999996,0,1,0.25,interior,interior,gradient RSSI local faible entre cellules voisines; sensibilité marquée à l'élévation (exp5 dominant),0.17089189189189188
1_0,2_8,1,150,0.006666666666666667,exp1,1,1.0,1,0,0.125,0.44999999999999996,2,8,2.125,0.75,1,8,2.0223748416156684,interior,interior,aliasing multi-trajets probable (confusion non locale); sensibilité marquée à l'orientation (exp1 dominant),0.29064694875781544
1_10,0_4,1,150,0.006666666666666667,exp6,1,1.0,1,10,2.625,0.44999999999999996,0,4,1.125,0.15,1,6,1.5297058540778354,edge,edge,aliasing multi-trajets probable (confusion non locale); effet de bord (géométrie mur/tableau) sur la cellule vraie; sensibilité marquée à l'élévation (exp6 dominant),0.2573585036539078
1_3,0_0,1,150,0.006666666666666667,exp4,1,1.0,1,3,0.875,0.44999999999999996,0,0,0.125,0.15,1,3,0.8077747210701756,interior,edge,attraction vers une signature de bord; sensibilité marquée à l'orientation (exp4 dominant),0.20857937304528212
1_3,4_-1,1,150,0.006666666666666667,exp6,1,1.0,1,3,0.875,0.44999999999999996,4,-1,-0.125,1.3499999999999999,3,4,1.345362404707371,interior,edge,aliasing multi-trajets probable (confusion non locale); attraction vers une signature de bord; sensibilité marquée à l'élévation (exp6 dominant),0.24490286518293047
1_4,3_0,1,150,0.006666666666666667,exp5,1,1.0,1,4,1.125,0.44999999999999996,3,0,0.125,1.0499999999999998,2,4,1.16619037896906,interior,interior,aliasing multi-trajets probable (confusion non locale); sensibilité marquée à l'élévation (exp5 dominant),0.2327966472276392
1_5,3_-3,1,150,0.006666666666666667,exp1,1,1.0,1,5,1.375,0.44999999999999996,3,-3,-0.625,1.0499999999999998,2,8,2.0880613017821097,interior,interior,aliasing multi-trajets probable (confusion non locale); sensibilité marquée à l'orientation (exp1 dominant),0.2950852230933858
1_6,3_1,1,150,0.006666666666666667,exp5,1,1.0,1,6,1.625,0.44999999999999996,3,1,0.375,1.0499999999999998,2,5,1.3865424623862046,interior,interior,aliasing multi-trajets probable (confusion non locale); sensibilité marquée à l'élévation (exp5 dominant),0.2476853015125814
1_7,1_6,1,150,0.006666666666666667,exp4,1,1.0,1,7,1.875,0.44999999999999996,1,6,1.625,0.44999999999999996,0,1,0.25,interior,interior,gradient RSSI local faible entre cellules voisines; sensibilité marquée à l'orientation (exp4 dominant),0.17089189189189188
1_8,3_10,1,150,0.006666666666666667,exp5,1,1.0,1,8,2.125,0.44999999999999996,3,10,2.625,1.0499999999999998,2,2,0.7810249675906653,interior,edge,attraction vers une signature de bord; sensibilité marquée à l'élévation (exp5 dominant),0.20677195726963954
1_8,3_5,1,150,0.006666666666666667,exp3,1,1.0,1,8,2.125,0.44999999999999996,3,5,1.375,1.0499999999999998,2,3,0.9604686356149272,interior,interior,aliasing multi-trajets probable (confusion non locale); sensibilité marquée à l'orientation (exp3 dominant),0.218896529433441
1_9,0_5,1,150,0.006666666666666667,exp6,1,1.0,1,9,2.375,0.44999999999999996,0,5,1.375,0.15,1,4,1.0440306508910548,interior,edge,aliasing multi-trajets probable (confusion non locale); attraction vers une signature de bord; sensibilité marquée à l'élévation (exp6 dominant),0.22454261154669292
1_9,2_9,1,150,0.006666666666666667,exp1,1,1.0,1,9,2.375,0.44999999999999996,2,9,2.375,0.75,1,0,0.30000000000000004,interior,interior,gradient RSSI local faible entre cellules voisines; sensibilité marquée à l'orientation (exp1 dominant),0.17427027027027026
2_-1,0_2,1,150,0.006666666666666667,exp5,1,1.0,2,-1,-0.125,0.75,0,2,0.625,0.15,2,3,0.9604686356149273,interior,edge,aliasing multi-trajets probable (confusion non locale); attraction vers une signature de bord; sensibilité marquée à l'élévation (exp5 dominant),0.21889652943344104
2_-1,0_7,1,150,0.006666666666666667,exp1,1,1.0,2,-1,-0.125,0.75,0,7,1.875,0.15,2,8,2.08806130178211,interior,edge,aliasing multi-trajets probable (confusion non locale); attraction vers une signature de bord; sensibilité marquée à l'orientation (exp1 dominant),0.2950852230933858
2_-1,3_7,1,150,0.006666666666666667,exp4,1,1.0,2,-1,-0.125,0.75,3,7,1.875,1.0499999999999998,1,8,2.0223748416156684,interior,interior,aliasing multi-trajets probable (confusion non locale); sensibilité marquée à l'orientation (exp4 dominant),0.29064694875781544
2_-2,4_7,1,150,0.006666666666666667,exp2,1,1.0,2,-2,-0.375,0.75,4,7,1.875,1.3499999999999999,2,9,2.3286262044390034,interior,edge,aliasing multi-trajets probable (confusion non locale); attraction vers une signature de bord; sensibilité marquée à l'orientation (exp2 dominant),0.31133960840804076
2_-3,2_8,1,150,0.006666666666666667,exp6,1,1.0,2,-3,-0.625,0.75,2,8,2.125,0.75,0,11,2.75,interior,interior,aliasing multi-trajets probable (confusion non locale); sensibilité marquée à l'élévation (exp6 dominant),0.3398108108108108
2_-4,1_4,1,150,0.006666666666666667,exp6,1,1.0,2,-4,-0.875,0.75,1,4,1.125,0.44999999999999996,1,8,2.0223748416156684,edge,interior,aliasing multi-trajets probable (confusion non locale); effet de bord (géométrie mur/tableau) sur la cellule vraie; sensibilité marquée à l'élévation (exp6 dominant),0.29064694875781544
2_0,4_-4,1,150,0.006666666666666667,exp5,1,1.0,2,0,0.125,0.75,4,-4,-0.875,1.3499999999999999,2,4,1.16619037896906,interior,corner,aliasing multi-trajets probable (confusion non locale); attraction vers une signature de bord; sensibilité marquée à l'élévation (exp5 dominant),0.2327966472276392
2_1,1_3,1,150,0.006666666666666667,exp3,1,1.0,2,1,0.375,0.75,1,3,0.875,0.44999999999999996,1,2,0.5830951894845301,interior,interior,sensibilité marquée à l'orientation (exp3 dominant),0.1933983236138196
2_1,1_4,1,150,0.006666666666666667,exp3,1,1.0,2,1,0.375,0.75,1,4,1.125,0.44999999999999996,1,3,0.8077747210701757,interior,interior,sensibilité marquée à l'orientation (exp3 dominant),0.20857937304528212
2_1,2_8,1,150,0.006666666666666667,exp6,1,1.0,2,1,0.375,0.75,2,8,2.125,0.75,0,7,1.75,interior,interior,aliasing multi-trajets probable (confusion non locale); sensibilité marquée à l'élévation (exp6 dominant),0.2722432432432432
2_1,4_10,1,150,0.006666666666666667,exp4,1,1.0,2,1,0.375,0.75,4,10,2.625,1.3499999999999999,2,9,2.3286262044390034,interior,corner,aliasing multi-trajets probable (confusion non locale); attraction vers une signature de bord; sensibilité marquée à l'orientation (exp4 dominant),0.31133960840804076
2_10,0_-1,1,150,0.006666666666666667,exp6,1,1.0,2,10,2.625,0.75,0,-1,-0.125,0.15,2,11,2.814693589007514,edge,edge,aliasing multi-trajets probable (confusion non locale); effet de bord (géométrie mur/tableau) sur la cellule vraie; sensibilité marquée à l'élévation (exp6 dominant),0.34418199925726445
2_10,2_-1,1,150,0.006666666666666667,exp4,1,1.0,2,10,2.625,0.75,2,-1,-0.125,0.75,0,11,2.75,edge,interior,aliasing multi-trajets probable (confusion non locale); effet de bord (géométrie mur/tableau) sur la cellule vraie; sensibilité marquée à l'orientation (exp4 dominant),0.3398108108108108
2_10,3_-4,1,150,0.006666666666666667,exp1,1,1.0,2,10,2.625,0.75,3,-4,-0.875,1.0499999999999998,1,14,3.5128336140500593,edge,edge,aliasing multi-trajets probable (confusion non locale); effet de bord (géométrie mur/tableau) sur la cellule vraie; sensibilité marquée à l'orientation (exp1 dominant),0.39135362257094997
2_3,3_-2,1,150,0.006666666666666667,exp2,1,1.0,2,3,0.875,0.75,3,-2,-0.375,1.0499999999999998,1,5,1.285496013218244,interior,interior,aliasing multi-trajets probable (confusion non locale); sensibilité marquée à l'orientation (exp2 dominant),0.24085783873096245
2_4,4_9,1,150,0.006666666666666667,exp6,1,1.0,2,4,1.125,0.75,4,9,2.375,1.3499999999999999,2,5,1.3865424623862046,interior,edge,aliasing multi-trajets probable (confusion non locale); attraction vers une signature de bord; sensibilité marquée à l'élévation (exp6 dominant),0.2476853015125814
2_5,2_1,1,150,0.006666666666666667,exp3,1,1.0,2,5,1.375,0.75,2,1,0.375,0.75,0,4,1.0,interior,interior,aliasing multi-trajets probable (confusion non locale); sensibilité marquée à l'orientation (exp3 dominant),0.22156756756756757
2_6,3_4,1,150,0.006666666666666667,exp6,1,1.0,2,6,1.625,0.75,3,4,1.125,1.0499999999999998,1,2,0.58309518948453,interior,interior,sensibilité marquée à l'élévation (exp6 dominant),0.1933983236138196
2_7,0_-1,1,150,0.006666666666666667,exp6,1,1.0,2,7,1.875,0.75,0,-1,-0.125,0.15,2,8,2.08806130178211,interior,edge,aliasing multi-trajets probable (confusion non locale); attraction vers une signature de bord; sensibilité marquée à l'élévation (exp6 dominant),0.2950852230933858
2_8,1_-4,1,150,0.006666666666666667,exp2,1,1.0,2,8,2.125,0.75,1,-4,-0.875,0.44999999999999996,1,12,3.014962686336267,interior,edge,aliasing multi-trajets probable (confusion non locale); attraction vers une signature de bord; sensibilité marquée à l'orientation (exp2 dominant),0.35771369502272077
2_8,1_0,1,150,0.006666666666666667,exp3,1,1.0,2,8,2.125,0.75,1,0,0.125,0.44999999999999996,1,8,2.0223748416156684,interior,interior,aliasing multi-trajets probable (confusion non locale); sensibilité marquée à l'orientation (exp3 dominant),0.29064694875781544
2_8,3_-3,1,150,0.006666666666666667,exp1,1,1.0,2,8,2.125,0.75,3,-3,-0.625,1.0499999999999998,1,11,2.766315238724611,interior,interior,aliasing multi-trajets probable (confusion non locale); sensibilité marquée à l'orientation (exp1 dominant),0.340913191805717
2_9,0_-4,1,150,0.006666666666666667,exp5,1,1.0,2,9,2.375,0.75,0,-4,-0.875,0.15,2,13,3.304920573932148,interior,corner,aliasing multi-trajets probable (confusion non locale); attraction vers une signature de bord; sensibilité marquée à l'élévation (exp5 dominant),0.37730544418460465
2_9,3_-1,1,150,0.006666666666666667,exp3,1,1.0,2,9,2.375,0.75,3,-1,-0.125,1.0499999999999998,1,10,2.5179356624028344,interior,interior,aliasing multi-trajets probable (confusion non locale); sensibilité marquée à l'orientation (exp3 dominant),0.3241307880001915
3_-1,1_-4,1,150,0.006666666666666667,exp1,1,1.0,3,-1,-0.125,1.0499999999999998,1,-4,-0.875,0.44999999999999996,2,3,0.9604686356149272,interior,edge,aliasing multi-trajets probable (confusion non locale); attraction vers une signature de bord; sensibilité marquée à l'orientation (exp1 dominant),0.218896529433441
3_-1,1_6,1,150,0.006666666666666667,exp6,1,1.0,3,-1,-0.125,1.0499999999999998,1,6,1.625,0.44999999999999996,2,7,1.8499999999999999,interior,interior,aliasing multi-trajets probable (confusion non locale); sensibilité marquée à l'élévation (exp6 dominant),0.279
3_-1,4_1,1,150,0.006666666666666667,exp2,1,1.0,3,-1,-0.125,1.0499999999999998,4,1,0.375,1.3499999999999999,1,2,0.5830951894845301,interior,edge,attraction vers une signature de bord; sensibilité marquée à l'orientation (exp2 dominant),0.1933983236138196
3_-4,2_-3,1,150,0.006666666666666667,exp2,1,1.0,3,-4,-0.875,1.0499999999999998,2,-3,-0.625,0.75,1,1,0.3905124837953326,edge,interior,effet de bord (géométrie mur/tableau) sur la cellule vraie; sensibilité marquée à l'orientation (exp2 dominant),0.18038597863481975
3_0,0_3,1,150,0.006666666666666667,exp6,1,1.0,3,0,0.125,1.0499999999999998,0,3,0.875,0.15,3,3,1.171537451385998,interior,edge,aliasing multi-trajets probable (confusion non locale); attraction vers une signature de bord; sensibilité marquée à l'élévation (exp6 dominant),0.23315793590445932
3_0,0_6,1,150,0.006666666666666667,exp6,1,1.0,3,0,0.125,1.0499999999999998,0,6,1.625,0.15,3,6,1.74928556845359,interior,edge,aliasing multi-trajets probable (confusion non locale); attraction vers une signature de bord; sensibilité marquée à l'élévation (exp6 dominant),0.27219497084145877
3_0,0_7,1,150,0.006666666666666667,exp1,1,1.0,3,0,0.125,1.0499999999999998,0,7,1.875,0.15,3,7,1.9678668654154425,interior,edge,aliasing multi-trajets probable (confusion non locale); attraction vers une signature de bord; sensibilité marquée à l'orientation (exp1 dominant),0.28696397739293533
3_0,1_-4,1,150,0.006666666666666667,exp6,1,1.0,3,0,0.125,1.0499999999999998,1,-4,-0.875,0.44999999999999996,2,4,1.16619037896906,interior,edge,aliasing multi-trajets probable (confusion non locale); attraction vers une signature de bord; sensibilité marquée à l'élévation (exp6 dominant),0.2327966472276392
3_0,2_3,1,150,0.006666666666666667,exp4,1,1.0,3,0,0.125,1.0499999999999998,2,3,0.875,0.75,1,3,0.8077747210701756,interior,interior,sensibilité marquée à l'orientation (exp4 dominant),0.20857937304528212
3_0,4_0,1,150,0.006666666666666667,exp2,1,1.0,3,0,0.125,1.0499999999999998,4,0,0.125,1.3499999999999999,1,0,0.30000000000000004,interior,edge,gradient RSSI local faible entre cellules voisines; attraction vers une signature de bord; sensibilité marquée à l'orientation (exp2 dominant),0.17427027027027026
3_10,3_1,1,150,0.006666666666666667,exp3,1,1.0,3,10,2.625,1.0499999999999998,3,1,0.375,1.0499999999999998,0,9,2.25,edge,interior,aliasing multi-trajets probable (confusion non locale); effet de bord (géométrie mur/tableau) sur la cellule vraie; sensibilité marquée à l'orientation (exp3 dominant),0.306027027027027
3_10,4_-4,1,150,0.006666666666666667,exp1,1,1.0,3,10,2.625,1.0499999999999998,4,-4,-0.875,1.3499999999999999,1,14,3.5128336140500593,edge,corner,aliasing multi-trajets probable (confusion non locale); effet de bord (géométrie mur/tableau) sur la cellule vraie; sensibilité marquée à l'orientation (exp1 dominant),0.39135362257094997
3_10,4_8,1,150,0.006666666666666667,exp6,1,1.0,3,10,2.625,1.0499999999999998,4,8,2.125,1.3499999999999999,1,2,0.5830951894845301,edge,edge,effet de bord (géométrie mur/tableau) sur la cellule vraie; sensibilité marquée à l'élévation (exp6 dominant),0.1933983236138196
3_2,1_8,1,150,0.006666666666666667,exp6,1,1.0,3,2,0.625,1.0499999999999998,1,8,2.125,0.44999999999999996,2,6,1.6155494421403511,interior,interior,aliasing multi-trajets probable (confusion non locale); sensibilité marquée à l'élévation (exp6 dominant),0.2631587460905643
3_2,2_1,1,150,0.006666666666666667,exp6,1,1.0,3,2,0.625,1.0499999999999998,2,1,0.375,0.75,1,1,0.3905124837953326,interior,interior,sensibilité marquée à l'élévation (exp6 dominant),0.18038597863481975
3_2,2_10,1,150,0.006666666666666667,exp5,1,1.0,3,2,0.625,1.0499999999999998,2,10,2.625,0.75,1,8,2.0223748416156684,interior,edge,aliasing multi-trajets probable (confusion non locale); attraction vers une signature de bord; sensibilité marquée à l'élévation (exp5 dominant),0.29064694875781544
3_2,4_9,1,150,0.006666666666666667,exp4,1,1.0,3,2,0.625,1.0499999999999998,4,9,2.375,1.3499999999999999,1,7,1.7755280904564703,interior,edge,aliasing multi-trajets probable (confusion non locale); attraction vers une signature de bord; sensibilité marquée à l'orientation (exp4 dominant),0.27396811422003176
3_3,3_0,1,150,0.006666666666666667,exp2,1,1.0,3,3,0.875,1.0499999999999998,3,0,0.125,1.0499999999999998,0,3,0.75,interior,interior,sensibilité marquée à l'orientation (exp2 dominant),0.20467567567567568
3_3,4_6,1,150,0.006666666666666667,exp5,1,1.0,3,3,0.875,1.0499999999999998,4,6,1.625,1.3499999999999999,1,3,0.8077747210701757,interior,edge,attraction vers une signature de bord; sensibilité marquée à l'élévation (exp5 dominant),0.20857937304528212
3_4,1_2,1,150,0.006666666666666667,exp5,1,1.0,3,4,1.125,1.0499999999999998,1,2,0.625,0.44999999999999996,2,2,0.7810249675906653,interior,interior,sensibilité marquée à l'élévation (exp5 dominant),0.20677195726963954
3_4,3_1,1,150,0.006666666666666667,exp4,1,1.0,3,4,1.125,1.0499999999999998,3,1,0.375,1.0499999999999998,0,3,0.75,interior,interior,sensibilité marquée à l'orientation (exp4 dominant),0.20467567567567568
3_4,4_6,1,150,0.006666666666666667,exp6,1,1.0,3,4,1.125,1.0499999999999998,4,6,1.625,1.3499999999999999,1,2,0.5830951894845301,interior,edge,attraction vers une signature de bord; sensibilité marquée à l'élévation (exp6 dominant),0.1933983236138196
3_5,2_-2,1,150,0.006666666666666667,exp2,1,1.0,3,5,1.375,1.0499999999999998,2,-2,-0.375,0.75,1,7,1.7755280904564703,interior,interior,aliasing multi-trajets probable (confusion non locale); sensibilité marquée à l'orientation (exp2 dominant),0.27396811422003176
3_8,0_4,1,150,0.006666666666666667,exp4,1,1.0,3,8,2.125,1.0499999999999998,0,4,1.125,0.15,3,4,1.345362404707371,interior,edge,aliasing multi-trajets probable (confusion non locale); attraction vers une signature de bord; sensibilité marquée à l'orientation (exp4 dominant),0.24490286518293047
3_8,4_1,1,150,0.006666666666666667,exp2,1,1.0,3,8,2.125,1.0499999999999998,4,1,0.375,1.3499999999999999,1,7,1.7755280904564703,interior,edge,aliasing multi-trajets probable (confusion non locale); attraction vers une signature de bord; sensibilité marquée à l'orientation (exp2 dominant),0.27396811422003176
3_9,1_10,1,150,0.006666666666666667,exp1,1,1.0,3,9,2.375,1.0499999999999998,1,10,2.625,0.44999999999999996,2,1,0.6499999999999999,interior,edge,attraction vers une signature de bord; sensibilité marquée à l'orientation (exp1 dominant),0.1979189189189189
3_9,4_5,1,150,0.006666666666666667,exp3,1,1.0,3,9,2.375,1.0499999999999998,4,5,1.375,1.3499999999999999,1,4,1.044030650891055,interior,edge,aliasing multi-trajets probable (confusion non locale); attraction vers une signature de bord; sensibilité marquée à l'orientation (exp3 dominant),0.22454261154669292
4_-1,0_3,1,150,0.006666666666666667,exp1,1,1.0,4,-1,-0.125,1.3499999999999999,0,3,0.875,0.15,4,4,1.5620499351813308,edge,edge,aliasing multi-trajets probable (confusion non locale); effet de bord (géométrie mur/tableau) sur la cellule vraie; sensibilité marquée à l'orientation (exp1 dominant),0.2595439145392791
4_-1,1_6,1,150,0.006666666666666667,exp3,1,1.0,4,-1,-0.125,1.3499999999999999,1,6,1.625,0.44999999999999996,3,7,1.9678668654154425,edge,interior,aliasing multi-trajets probable (confusion non locale); effet de bord (géométrie mur/tableau) sur la cellule vraie; sensibilité marquée à l'orientation (exp3 dominant),0.28696397739293533
4_-1,3_9,1,150,0.006666666666666667,exp5,1,1.0,4,-1,-0.125,1.3499999999999999,3,9,2.375,1.0499999999999998,1,10,2.5179356624028344,edge,interior,aliasing multi-trajets probable (confusion non locale); effet de bord (géométrie mur/tableau) sur la cellule vraie; sensibilité marquée à l'élévation (exp5 dominant),0.3241307880001915
4_-3,3_6,1,150,0.006666666666666667,exp3,1,1.0,4,-3,-0.625,1.3499999999999999,3,6,1.625,1.0499999999999998,1,9,2.2699118925632336,edge,interior,aliasing multi-trajets probable (confusion non locale); effet de bord (géométrie mur/tableau) sur la cellule vraie; sensibilité marquée à l'orientation (exp3 dominant),0.30737242517319147
4_-3,4_7,1,150,0.006666666666666667,exp1,1,1.0,4,-3,-0.625,1.3499999999999999,4,7,1.875,1.3499999999999999,0,10,2.5,edge,edge,aliasing multi-trajets probable (confusion non locale); effet de bord (géométrie mur/tableau) sur la cellule vraie; sensibilité marquée à l'orientation (exp1 dominant),0.32291891891891894
4_-3,4_8,1,150,0.006666666666666667,exp4,1,1.0,4,-3,-0.625,1.3499999999999999,4,8,2.125,1.3499999999999999,0,11,2.75,edge,edge,aliasing multi-trajets probable (confusion non locale); effet de bord (géométrie mur/tableau) sur la cellule vraie; sensibilité marquée à l'orientation (exp4 dominant),0.3398108108108108
4_0,1_-1,1,150,0.006666666666666667,exp5,1,1.0,4,0,0.125,1.3499999999999999,1,-1,-0.125,0.44999999999999996,3,1,0.9340770846134702,edge,interior,aliasing multi-trajets probable (confusion non locale); effet de bord (géométrie mur/tableau) sur la cellule vraie; sensibilité marquée à l'élévation (exp5 dominant),0.2171133165279372
4_0,2_5,1,150,0.006666666666666667,exp6,1,1.0,4,0,0.125,1.3499999999999999,2,5,1.375,0.75,2,5,1.3865424623862046,edge,interior,aliasing multi-trajets probable (confusion non locale); effet de bord (géométrie mur/tableau) sur la cellule vraie; sensibilité marquée à l'élévation (exp6 dominant),0.2476853015125814
4_0,2_6,1,150,0.006666666666666667,exp6,1,1.0,4,0,0.125,1.3499999999999999,2,6,1.625,0.75,2,6,1.6155494421403511,edge,interior,aliasing multi-trajets probable (confusion non locale); effet de bord (géométrie mur/tableau) sur la cellule vraie; sensibilité marquée à l'élévation (exp6 dominant),0.2631587460905643
4_1,1_-4,1,150,0.006666666666666667,exp1,1,1.0,4,1,0.375,1.3499999999999999,1,-4,-0.875,0.44999999999999996,3,5,1.540292180074936,edge,edge,aliasing multi-trajets probable (confusion non locale); effet de bord (géométrie mur/tableau) sur la cellule vraie; sensibilité marquée à l'orientation (exp1 dominant),0.2580737959510092
4_1,1_10,1,150,0.006666666666666667,exp3,1,1.0,4,1,0.375,1.3499999999999999,1,10,2.625,0.44999999999999996,3,9,2.423324163210527,edge,edge,aliasing multi-trajets probable (confusion non locale); effet de bord (géométrie mur/tableau) sur la cellule vraie; sensibilité marquée à l'orientation (exp3 dominant),0.31773811913584643
4_1,3_3,1,150,0.006666666666666667,exp2,1,1.0,4,1,0.375,1.3499999999999999,3,3,0.875,1.0499999999999998,1,2,0.5830951894845301,edge,interior,effet de bord (géométrie mur/tableau) sur la cellule vraie; sensibilité marquée à l'orientation (exp2 dominant),0.1933983236138196
4_3,3_-1,1,150,0.006666666666666667,exp4,1,1.0,4,3,0.875,1.3499999999999999,3,-1,-0.125,1.0499999999999998,1,4,1.044030650891055,edge,interior,aliasing multi-trajets probable (confusion non locale); effet de bord (géométrie mur/tableau) sur la cellule vraie; sensibilité marquée à l'orientation (exp4 dominant),0.22454261154669292
4_3,3_1,1,150,0.006666666666666667,exp2,1,1.0,4,3,0.875,1.3499999999999999,3,1,0.375,1.0499999999999998,1,2,0.5830951894845301,edge,interior,effet de bord (géométrie mur/tableau) sur la cellule vraie; sensibilité marquée à l'orientation (exp2 dominant),0.1933983236138196
4_5,4_4,1,150,0.006666666666666667,exp4,1,1.0,4,5,1.375,1.3499999999999999,4,4,1.125,1.3499999999999999,0,1,0.25,edge,edge,gradient RSSI local faible entre cellules voisines; effet de bord (géométrie mur/tableau) sur la cellule vraie; sensibilité marquée à l'orientation (exp4 dominant),0.17089189189189188
4_6,1_7,1,150,0.006666666666666667,exp6,1,1.0,4,6,1.625,1.3499999999999999,1,7,1.875,0.44999999999999996,3,1,0.9340770846134702,edge,interior,aliasing multi-trajets probable (confusion non locale); effet de bord (géométrie mur/tableau) sur la cellule vraie; sensibilité marquée à l'élévation (exp6 dominant),0.2171133165279372
4_7,4_8,1,150,0.006666666666666667,exp3,1,1.0,4,7,1.875,1.3499999999999999,4,8,2.125,1.3499999999999999,0,1,0.25,edge,edge,gradient RSSI local faible entre cellules voisines; effet de bord (géométrie mur/tableau) sur la cellule vraie; sensibilité marquée à l'orientation (exp3 dominant),0.17089189189189188
4_8,1_4,1,150,0.006666666666666667,exp5,1,1.0,4,8,2.125,1.3499999999999999,1,4,1.125,0.44999999999999996,3,4,1.345362404707371,edge,interior,aliasing multi-trajets probable (confusion non locale); effet de bord (géométrie mur/tableau) sur la cellule vraie; sensibilité marquée à l'élévation (exp5 dominant),0.24490286518293047
4_8,4_7,1,150,0.006666666666666667,exp3,1,1.0,4,8,2.125,1.3499999999999999,4,7,1.875,1.3499999999999999,0,1,0.25,edge,edge,gradient RSSI local faible entre cellules voisines; effet de bord (géométrie mur/tableau) sur la cellule vraie; sensibilité marquée à l'orientation (exp3 dominant),0.17089189189189188
4_9,0_-2,1,150,0.006666666666666667,exp2,1,1.0,4,9,2.375,1.3499999999999999,0,-2,-0.375,0.15,4,11,3.0004166377354995,edge,edge,aliasing multi-trajets probable (confusion non locale); effet de bord (géométrie mur/tableau) sur la cellule vraie; sensibilité marquée à l'orientation (exp2 dominant),0.3567308539010473
